n,v2,v3,v5,v7,v11,v13,v17,v19,v23,v29,v31,v37,v41,v43,v47,v53,v59,v61,v67,v71,v73,v79
1,0,0,0,0,0,0,0,0,0,0,0,0,0,0,0,0,0,0,0,0,0,0
2,2,0,0,0,0,0,0,0,0,0,0,0,0,0,0,0,0,0,0,0,0,0
3,1,2,0,0,0,0,0,0,0,0,0,0,0,0,0,0,0,0,0,0,0,0
4,4,2,0,0,0,0,0,0,0,0,0,0,0,0,0,0,0,0,0,0,0,0
5,2,2,2,0,0,0,0,0,0,0,0,0,0,0,0,0,0,0,0,0,0,0
6,3,4,2,0,0,0,0,0,0,0,0,0,0,0,0,0,0,0,0,0,0,0
7,2,3,2,2,0,0,0,0,0,0,0,0,0,0,0,0,0,0,0,0,0,0
8,6,3,2,2,0,0,0,0,0,0,0,0,0,0,0,0,0,0,0,0,0,0
9,5,6,2,2,0,0,0,0,0,0,0,0,0,0,0,0,0,0,0,0,0,0
10,5,6,4,2,0,0,0,0,0,0,0,0,0,0,0,0,0,0,0,0,0,0
11,4,6,3,2,2,0,0,0,0,0,0,0,0,0,0,0,0,0,0,0,0,0
12,6,8,3,2,2,0,0,0,0,0,0,0,0,0,0,0,0,0,0,0,0,0
13,4,7,3,2,2,2,0,0,0,0,0,0,0,0,0,0,0,0,0,0,0,0
14,5,6,3,4,2,2,0,0,0,0,0,0,0,0,0,0,0,0,0,0,0,0
15,2,8,5,4,2,2,0,0,0,0,0,0,0,0,0,0,0,0,0,0,0,0
16,7,8,5,4,2,2,0,0,0,0,0,0,0,0,0,0,0,0,0,0,0,0
17,3,8,5,4,2,2,2,0,0,0,0,0,0,0,0,0,0,0,0,0,0,0
18,4,11,5,4,2,2,2,0,0,0,0,0,0,0,0,0,0,0,0,0,0,0
19,3,9,5,4,2,2,2,2,0,0,0,0,0,0,0,0,0,0,0,0,0,0
20,4,9,7,4,2,2,2,2,0,0,0,0,0,0,0,0,0,0,0,0,0,0
21,2,10,7,6,2,2,2,2,0,0,0,0,0,0,0,0,0,0,0,0,0,0
22,3,10,6,6,4,2,2,2,0,0,0,0,0,0,0,0,0,0,0,0,0,0
23,2,10,6,6,3,2,2,2,2,0,0,0,0,0,0,0,0,0,0,0,0,0
24,5,12,6,6,3,2,2,2,2,0,0,0,0,0,0,0,0,0,0,0,0,0
25,3,12,9,6,3,2,2,2,2,0,0,0,0,0,0,0,0,0,0,0,0,0
26,3,11,9,6,3,4,2,2,2,0,0,0,0,0,0,0,0,0,0,0,0,0
27,2,15,9,6,3,4,2,2,2,0,0,0,0,0,0,0,0,0,0,0,0,0
28,4,14,9,8,3,4,2,2,2,0,0,0,0,0,0,0,0,0,0,0,0,0
29,2,14,9,7,3,4,2,2,2,2,0,0,0,0,0,0,0,0,0,0,0,0
30,1,16,11,7,3,4,2,2,2,2,0,0,0,0,0,0,0,0,0,0,0,0
31,0,15,10,7,3,4,2,2,2,2,2,0,0,0,0,0,0,0,0,0,0,0
32,6,15,10,7,3,4,2,2,2,2,2,0,0,0,0,0,0,0,0,0,0,0
33,4,17,9,7,5,4,2,2,2,2,2,0,0,0,0,0,0,0,0,0,0,0
34,2,17,9,7,5,4,4,2,2,2,2,0,0,0,0,0,0,0,0,0,0,0
35,-1,16,11,9,5,4,4,2,2,2,2,0,0,0,0,0,0,0,0,0,0,0
36,1,19,11,9,5,4,4,2,2,2,2,0,0,0,0,0,0,0,0,0,0,0
37,-1,17,11,9,5,4,4,2,2,2,2,2,0,0,0,0,0,0,0,0,0,0
38,0,15,11,9,5,4,4,4,2,2,2,2,0,0,0,0,0,0,0,0,0,0
39,-3,16,11,9,5,6,4,4,2,2,2,2,0,0,0,0,0,0,0,0,0,0
40,-1,16,13,9,5,6,4,4,2,2,2,2,0,0,0,0,0,0,0,0,0,0
41,-4,16,12,9,5,6,4,4,2,2,2,2,2,0,0,0,0,0,0,0,0,0
42,-4,17,12,11,5,6,4,4,2,2,2,2,2,0,0,0,0,0,0,0,0,0
43,-5,16,12,10,5,6,4,4,2,2,2,2,2,2,0,0,0,0,0,0,0,0
44,-3,16,11,10,7,6,4,4,2,2,2,2,2,2,0,0,0,0,0,0,0,0
45,-6,19,13,10,7,6,4,4,2,2,2,2,2,2,0,0,0,0,0,0,0,0
46,-5,19,13,10,6,6,4,4,4,2,2,2,2,2,0,0,0,0,0,0,0,0
47,-6,19,13,10,6,6,4,4,3,2,2,2,2,2,2,0,0,0,0,0,0,0
48,-2,21,13,10,6,6,4,4,3,2,2,2,2,2,2,0,0,0,0,0,0,0
49,-3,20,13,13,6,6,4,4,3,2,2,2,2,2,2,0,0,0,0,0,0,0
50,-3,20,16,13,6,6,4,4,3,2,2,2,2,2,2,0,0,0,0,0,0,0
51,-8,22,16,13,6,6,6,4,3,2,2,2,2,2,2,0,0,0,0,0,0,0
52,-7,21,16,13,6,8,6,4,3,2,2,2,2,2,2,0,0,0,0,0,0,0
53,-9,21,16,13,6,7,6,4,3,2,2,2,2,2,2,2,0,0,0,0,0,0
54,-8,25,16,13,6,7,6,4,3,2,2,2,2,2,2,2,0,0,0,0,0,0
55,-11,25,17,13,8,7,6,4,3,2,2,2,2,2,2,2,0,0,0,0,0,0
56,-8,24,17,15,8,7,6,4,3,2,2,2,2,2,2,2,0,0,0,0,0,0
57,-10,24,17,15,8,7,6,6,3,2,2,2,2,2,2,2,0,0,0,0,0,0
58,-10,24,17,14,8,7,6,6,3,4,2,2,2,2,2,2,0,0,0,0,0,0
59,-11,24,17,14,8,7,6,6,3,3,2,2,2,2,2,2,2,0,0,0,0,0
60,-11,26,19,14,8,7,6,6,3,3,2,2,2,2,2,2,2,0,0,0,0,0
61,-13,25,18,14,8,7,6,6,3,3,2,2,2,2,2,2,2,2,0,0,0,0
62,-12,24,17,14,8,7,6,6,3,3,4,2,2,2,2,2,2,2,0,0,0,0
63,-14,26,17,16,8,7,6,6,3,3,4,2,2,2,2,2,2,2,0,0,0,0
64,-7,26,17,16,8,7,6,6,3,3,4,2,2,2,2,2,2,2,0,0,0,0
65,-11,25,19,16,8,9,6,6,3,3,4,2,2,2,2,2,2,2,0,0,0,0
66,-11,27,18,16,10,9,6,6,3,3,4,2,2,2,2,2,2,2,0,0,0,0
67,-12,26,18,16,9,9,6,6,3,3,4,2,2,2,2,2,2,2,2,0,0,0
68,-13,26,18,16,9,9,8,6,3,3,4,2,2,2,2,2,2,2,2,0,0,0
69,-15,28,18,16,8,9,8,6,5,3,4,2,2,2,2,2,2,2,2,0,0,0
70,-16,27,20,18,8,9,8,6,5,3,4,2,2,2,2,2,2,2,2,0,0,0
71,-17,27,19,17,8,9,8,6,5,3,4,2,2,2,2,2,2,2,2,2,0,0
72,-14,30,19,17,8,9,8,6,5,3,4,2,2,2,2,2,2,2,2,2,0,0
73,-17,28,19,17,8,9,8,6,5,3,4,2,2,2,2,2,2,2,2,2,2,0
74,-17,26,19,17,8,9,8,6,5,3,4,4,2,2,2,2,2,2,2,2,2,0
75,-20,28,22,17,8,9,8,6,5,3,4,4,2,2,2,2,2,2,2,2,2,0
76,-18,26,22,17,8,9,8,8,5,3,4,4,2,2,2,2,2,2,2,2,2,0
77,-20,25,21,19,10,9,8,8,5,3,4,4,2,2,2,2,2,2,2,2,2,0
78,-21,26,21,19,10,11,8,8,5,3,4,4,2,2,2,2,2,2,2,2,2,0
79,-22,25,21,19,10,10,8,8,5,3,4,4,2,2,2,2,2,2,2,2,2,2
80,-19,25,23,19,10,10,8,8,5,3,4,4,2,2,2,2,2,2,2,2,2,2
81,-20,30,23,19,10,10,8,8,5,3,4,4,2,2,2,2,2,2,2,2,2,2
